{"cameraMode":{"drawMode":0,"name":"Shaded","section":"Shading Mode"},"sceneLighting":false,"audioPlay":false,"sceneViewState":{"showFog":false,"showMaterialUpdate":false,"showSkybox":false,"showFlares":true,"showImageEffects":true,"showParticleSystems":true},"in2DMode":false,"pivot":{"x":-15.575937271118164,"y":-28.494365692138673,"z":-59.15467071533203},"rotation":{"x":0.03186046704649925,"y":-0.9647752642631531,"z":0.22112759947776795,"w":0.1390162706375122},"size":82.56597900390625,"orthographic":false}