{"cameraMode":{"drawMode":0,"name":"Shaded","section":"Shading Mode"},"sceneLighting":true,"audioPlay":false,"sceneViewState":{"showFog":false,"showMaterialUpdate":false,"showSkybox":true,"showFlares":true,"showImageEffects":true,"showParticleSystems":true},"in2DMode":false,"pivot":{"x":19.733705520629884,"y":1.0021770000457764,"z":4.5678391456604},"rotation":{"x":0.22145970165729524,"y":-0.6911524534225464,"z":0.23697026073932649,"w":0.6458757519721985},"size":12.199934959411621,"orthographic":false}