{"cameraMode":{"drawMode":0,"name":"Shaded","section":"Shading Mode"},"sceneLighting":false,"audioPlay":false,"sceneViewState":{"showFog":false,"showMaterialUpdate":false,"showSkybox":false,"showFlares":true,"showImageEffects":true,"showParticleSystems":true},"in2DMode":false,"pivot":{"x":2.0809035301208498,"y":-3.6895341873168947,"z":-2.9122085571289064},"rotation":{"x":-0.053175803273916247,"y":-0.9228741526603699,"z":0.35562771558761599,"w":-0.13801774382591248},"size":11.696393966674805,"orthographic":false}