{"cameraMode":{"drawMode":0,"name":"Shaded","section":"Shading Mode"},"sceneLighting":false,"audioPlay":false,"sceneViewState":{"showFog":false,"showMaterialUpdate":false,"showSkybox":true,"showFlares":true,"showImageEffects":true,"showParticleSystems":true},"in2DMode":false,"pivot":{"x":-2.891923189163208,"y":-6.171380519866943,"z":1.1408991813659669},"rotation":{"x":-0.6084622144699097,"y":0.11136683076620102,"z":-0.08661039173603058,"w":-0.7810478806495667},"size":11.696393966674805,"orthographic":false}