{"cameraMode":{"drawMode":0,"name":"Shaded","section":"Shading Mode"},"sceneLighting":false,"audioPlay":false,"sceneViewState":{"showFog":false,"showMaterialUpdate":false,"showSkybox":false,"showFlares":true,"showImageEffects":true,"showParticleSystems":true},"in2DMode":false,"pivot":{"x":-39.40484619140625,"y":-17.490474700927736,"z":-30.712125778198243},"rotation":{"x":0.07377015799283982,"y":-0.8367385268211365,"z":0.11647327244281769,"w":0.5299780964851379},"size":82.56597900390625,"orthographic":false}